,Loan_ID,Gender,Married,Dependents,Education,Self_Employed,ApplicantIncome,CoapplicantIncome,LoanAmount,Loan_Amount_Term,Credit_History,Property_Area,Loan_Status
0,1002,1,0,0.0,1,0,5849.0,0.0,63.60000000000001,229.4000000000001,1.0,1,1
1,1003,1,1,1.0,1,0,4583.0,1508.0,128.0,229.4000000000001,1.0,0,0
2,1005,1,1,0.0,1,1,3000.0,0.0,66.0,229.4000000000001,1.0,1,1
3,1006,1,1,0.0,0,0,2583.0,2358.0,120.0,229.4000000000001,1.0,1,1
4,1008,1,0,0.0,1,0,6000.0,0.0,141.0,229.4000000000001,1.0,1,1
5,1011,1,1,2.0,1,1,5417.0,3782.200000000002,229.4000000000001,229.4000000000001,1.0,1,1
6,1013,1,1,0.0,0,0,2333.0,1516.0,95.0,229.4000000000001,1.0,1,1
7,1014,1,1,3.0,1,0,3036.0,2504.0,158.0,229.4000000000001,0.0,2,0
8,1018,1,1,2.0,1,0,4006.0,1526.0,168.0,229.4000000000001,1.0,1,1
9,1020,1,1,1.0,1,0,9459.900000000007,3782.200000000002,229.4000000000001,229.4000000000001,1.0,2,0
10,1024,1,1,2.0,1,0,3200.0,700.0,70.0,229.4000000000001,1.0,1,1
11,1027,1,1,2.0,1,1,2500.0,1840.0,109.0,229.4000000000001,1.0,1,1
12,1028,1,1,2.0,1,0,3073.0,3782.200000000002,200.0,229.4000000000001,1.0,1,1
13,1029,1,0,0.0,1,0,2216.1,2840.0,114.0,229.4000000000001,1.0,0,0
14,1030,1,1,2.0,1,0,2216.1,1086.0,63.60000000000001,120.0,1.0,1,1
15,1032,1,0,0.0,1,0,4950.0,0.0,125.0,229.4000000000001,1.0,1,1
16,1034,1,0,1.0,0,0,3596.0,0.0,100.0,229.4000000000001,0.0,1,1
17,1036,2,0,0.0,1,0,3510.0,0.0,76.0,229.4000000000001,0.0,1,0
18,1038,1,1,0.0,0,0,4887.0,0.0,133.0,229.4000000000001,1.0,0,0
19,1041,1,1,0.0,1,1,2600.0,3500.0,115.0,63.60000000000001,1.0,1,1
20,1043,1,1,0.0,0,0,7660.0,0.0,104.0,229.4000000000001,0.0,1,0
21,1046,1,1,1.0,1,0,5955.0,3782.200000000002,229.4000000000001,229.4000000000001,1.0,1,1
22,1047,1,1,0.0,0,0,2600.0,1911.0,116.0,229.4000000000001,0.0,2,0
23,1050,1,1,2.0,0,0,3365.0,1917.0,112.0,229.4000000000001,0.0,0,0
24,1052,1,1,1.0,1,1,3717.0,2925.0,151.0,229.4000000000001,0.0,2,0
25,1066,1,1,0.0,1,1,9459.900000000007,0.0,191.0,229.4000000000001,1.0,2,1
26,1068,1,1,0.0,1,0,2799.0,2253.0,122.0,229.4000000000001,1.0,2,1
27,1073,1,1,2.0,0,0,4226.0,1040.0,110.0,229.4000000000001,1.0,1,1
28,1086,1,0,0.0,0,0,2216.1,0.0,63.60000000000001,229.4000000000001,1.0,1,0
29,1087,2,0,2.0,1,1,3750.0,2083.0,120.0,229.4000000000001,1.0,2,1
30,1091,1,1,1.0,1,1,4166.0,3369.0,201.0,229.4000000000001,0.0,1,0
31,1095,1,0,0.0,1,0,3167.0,0.0,74.0,229.4000000000001,1.0,1,0
32,1097,1,0,1.0,1,1,4692.0,0.0,106.0,229.4000000000001,1.0,0,0
33,1098,1,1,0.0,1,0,3500.0,1667.0,114.0,229.4000000000001,1.0,2,1
34,1100,1,0,3.0,1,0,9459.900000000007,3000.0,229.4000000000001,229.4000000000001,1.0,0,0
35,1106,1,1,0.0,1,0,2275.0,2067.0,63.60000000000001,229.4000000000001,1.0,1,1
36,1109,1,1,0.0,1,0,2216.1,1330.0,100.0,63.60000000000001,0.0,1,0
37,1112,2,1,0.0,1,0,3667.0,1459.0,144.0,229.4000000000001,1.0,2,1
38,1114,1,0,0.0,1,0,4166.0,3782.200000000002,184.0,229.4000000000001,1.0,1,1
39,1116,1,0,0.0,0,0,3748.0,1668.0,110.0,229.4000000000001,1.0,2,1
40,1119,1,0,0.0,1,0,3600.0,0.0,80.0,229.4000000000001,1.0,1,0
41,1120,1,0,0.0,1,0,2216.1,1213.0,63.60000000000001,229.4000000000001,1.0,1,1
42,1123,1,1,0.0,1,0,2400.0,0.0,75.0,229.4000000000001,0.0,1,1
43,1131,1,1,0.0,1,0,3941.0,2336.0,134.0,229.4000000000001,1.0,2,1
44,1136,1,1,0.0,0,1,4695.0,0.0,96.0,63.60000000000001,1.0,1,1
45,1137,2,0,0.0,1,0,3410.0,0.0,88.0,63.60000000000001,1.0,1,1
46,1138,1,1,1.0,1,0,5649.0,0.0,63.60000000000001,229.4000000000001,1.0,1,1
47,1144,1,1,0.0,1,0,5821.0,0.0,144.0,229.4000000000001,1.0,1,1
48,1146,2,1,0.0,1,0,2645.0,3440.0,120.0,229.4000000000001,0.0,1,0
49,1151,2,0,0.0,1,0,4000.0,2275.0,144.0,229.4000000000001,1.0,2,1
50,1155,2,1,0.0,0,0,2216.1,1644.0,100.0,229.4000000000001,1.0,2,1
51,1157,2,0,0.0,1,0,3086.0,0.0,120.0,229.4000000000001,1.0,2,1
52,1164,2,0,0.0,1,0,4230.0,0.0,112.0,229.4000000000001,1.0,2,0
53,1179,1,1,2.0,1,0,4616.0,0.0,134.0,229.4000000000001,1.0,1,0
54,1186,2,1,1.0,1,1,9459.900000000007,0.0,229.4000000000001,229.4000000000001,0.0,1,0
55,1194,1,1,2.0,1,0,2708.0,1167.0,97.0,229.4000000000001,1.0,2,1
56,1195,1,1,0.0,1,0,2216.1,1591.0,96.0,229.4000000000001,1.0,2,1
57,1197,1,1,0.0,1,0,3366.0,2200.0,135.0,229.4000000000001,1.0,0,0
58,1198,1,1,1.0,1,0,8080.0,2250.0,180.0,229.4000000000001,1.0,1,1
59,1199,1,1,2.0,0,0,3357.0,2859.0,144.0,229.4000000000001,1.0,1,1
60,1205,1,1,0.0,1,0,2500.0,3782.200000000002,120.0,229.4000000000001,1.0,1,1
61,1206,1,1,3.0,1,0,3029.0,0.0,99.0,229.4000000000001,1.0,1,1
62,1207,1,1,0.0,0,1,2609.0,3449.0,165.0,180.0,0.0,0,0
63,1213,1,1,1.0,1,0,4945.0,0.0,63.60000000000001,229.4000000000001,0.0,0,0
64,1222,2,0,0.0,1,0,4166.0,0.0,116.0,229.4000000000001,0.0,2,0
65,1225,1,1,0.0,1,0,5726.0,3782.200000000002,229.4000000000001,229.4000000000001,1.0,2,0
66,1228,1,0,0.0,0,0,3200.0,2254.0,126.0,180.0,0.0,1,0
67,1233,1,1,1.0,1,0,9459.900000000007,0.0,229.4000000000001,229.4000000000001,1.0,1,1
68,1238,1,1,3.0,0,1,7100.0,0.0,125.0,63.60000000000001,1.0,1,1
69,1241,2,0,0.0,1,0,4300.0,0.0,136.0,229.4000000000001,0.0,2,0
70,1243,1,1,0.0,1,0,3208.0,3066.0,172.0,229.4000000000001,1.0,1,1
71,1245,1,1,2.0,0,1,2216.1,1875.0,97.0,229.4000000000001,1.0,2,1
72,1248,1,0,0.0,1,0,3500.0,0.0,81.0,229.4000000000001,1.0,2,1
73,1250,1,1,3.0,0,0,4755.0,0.0,95.0,63.60000000000001,0.0,2,0
74,1253,1,1,3.0,1,1,5266.0,1774.0,187.0,229.4000000000001,1.0,2,1
75,1255,1,0,0.0,1,0,3750.0,0.0,113.0,229.4000000000001,1.0,1,0
76,1256,1,0,0.0,1,0,3750.0,3782.200000000002,176.0,229.4000000000001,1.0,1,0
77,1259,1,1,1.0,1,1,2216.1,3022.0,110.0,229.4000000000001,1.0,1,0
78,1263,1,1,3.0,1,0,3167.0,3782.200000000002,180.0,229.4000000000001,0.0,2,0
79,1264,1,1,3.0,0,1,3333.0,2166.0,130.0,229.4000000000001,0.0,2,1
80,1265,2,0,0.0,1,0,3846.0,0.0,111.0,229.4000000000001,1.0,2,1
81,1266,1,1,1.0,1,1,2395.0,0.0,63.60000000000001,229.4000000000001,1.0,2,1
82,1267,2,1,2.0,1,0,2216.1,1881.0,167.0,229.4000000000001,1.0,1,0
83,1273,1,1,0.0,1,0,6000.0,2250.0,229.4000000000001,229.4000000000001,0.0,2,0
84,1275,1,1,1.0,1,0,3988.0,0.0,63.60000000000001,229.4000000000001,1.0,1,1
85,1279,1,0,0.0,1,0,2366.0,2531.0,136.0,229.4000000000001,1.0,2,1
86,1280,1,1,2.0,0,0,3333.0,2000.0,99.0,229.4000000000001,0.0,2,1
87,1282,1,1,0.0,1,0,2500.0,2118.0,104.0,229.4000000000001,1.0,2,1
88,1289,1,0,0.0,1,0,8566.0,0.0,210.0,229.4000000000001,1.0,1,1
89,1310,1,1,0.0,1,0,5695.0,3782.200000000002,175.0,229.4000000000001,1.0,2,1
90,1316,1,1,0.0,1,0,2958.0,2900.0,131.0,229.4000000000001,1.0,2,1
91,1318,1,1,2.0,1,0,6250.0,3782.200000000002,188.0,180.0,1.0,2,1
92,1319,1,1,2.0,0,0,3273.0,1820.0,81.0,229.4000000000001,1.0,1,1
93,1322,1,0,0.0,1,0,4133.0,0.0,122.0,229.4000000000001,1.0,2,1
94,1325,1,0,0.0,0,0,3620.0,0.0,63.60000000000001,120.0,1.0,2,1
95,1326,1,0,0.0,1,1,6782.0,0.0,63.60000000000001,229.4000000000001,0.0,1,0
96,1327,2,1,0.0,1,0,2484.0,2302.0,137.0,229.4000000000001,1.0,2,1
97,1333,1,1,0.0,1,0,2216.1,997.0,63.60000000000001,229.4000000000001,1.0,2,1
98,1334,1,1,0.0,0,0,4188.0,0.0,115.0,180.0,1.0,2,1
99,1343,1,1,0.0,1,0,2216.1,3541.0,131.0,229.4000000000001,1.0,2,1
100,1345,1,1,2.0,0,0,4288.0,3263.0,133.0,180.0,1.0,1,1
101,1349,1,0,0.0,1,0,4843.0,3782.200000000002,151.0,229.4000000000001,1.0,2,1
102,1350,1,1,0.0,1,0,9459.900000000007,0.0,63.60000000000001,229.4000000000001,1.0,1,1
103,1356,1,1,0.0,1,0,4652.0,3583.0,63.60000000000001,229.4000000000001,1.0,2,1
104,1357,1,2,0.0,1,0,3816.0,754.0,160.0,229.4000000000001,1.0,1,1
105,1367,1,1,1.0,1,0,3052.0,1030.0,100.0,229.4000000000001,1.0,1,1
106,1369,1,1,2.0,1,0,9459.900000000007,1126.0,225.0,229.4000000000001,1.0,1,1
107,1370,1,0,0.0,0,1,7333.0,0.0,120.0,229.4000000000001,1.0,0,0
108,1379,1,1,2.0,1,0,3800.0,3600.0,216.0,229.4000000000001,0.0,1,0
109,1384,1,1,3.0,0,0,2216.1,754.0,94.0,229.4000000000001,1.0,2,1
110,1385,1,0,0.0,1,0,5316.0,0.0,136.0,229.4000000000001,1.0,1,1
111,1387,2,1,0.0,1,1,2929.0,2333.0,139.0,229.4000000000001,1.0,2,1
112,1391,1,1,0.0,0,0,3572.0,3782.200000000002,152.0,63.60000000000001,0.0,0,0
113,1392,2,0,1.0,1,1,7451.0,0.0,63.60000000000001,229.4000000000001,1.0,2,1
114,1398,1,0,0.0,1,1,5050.0,0.0,118.0,229.4000000000001,1.0,2,1
115,1401,1,1,1.0,1,0,9459.900000000007,0.0,185.0,180.0,1.0,0,1
116,1404,2,1,0.0,1,0,3167.0,2283.0,154.0,229.4000000000001,1.0,2,1
117,1405,1,1,1.0,1,0,2216.1,1398.0,85.0,229.4000000000001,0.0,1,1
118,1421,1,1,0.0,1,0,5568.0,2142.0,175.0,229.4000000000001,1.0,0,0
119,1422,2,0,0.0,1,0,9459.900000000007,0.0,229.4000000000001,229.4000000000001,1.0,1,1
120,1426,1,1,0.0,1,0,5667.0,2667.0,180.0,229.4000000000001,1.0,0,1
121,1430,2,0,0.0,1,0,4166.0,0.0,63.60000000000001,229.4000000000001,1.0,2,1
122,1431,2,0,0.0,1,0,2216.1,3782.200000000002,137.0,229.4000000000001,0.0,2,1
123,1432,1,1,2.0,1,0,2957.0,0.0,81.0,229.4000000000001,1.0,2,1
124,1439,1,1,0.0,0,0,4300.0,2014.0,194.0,229.4000000000001,1.0,0,1
125,1443,2,0,0.0,1,0,3692.0,0.0,93.0,229.4000000000001,0.0,0,1
126,1448,1,1,3.0,1,0,9459.900000000007,0.0,229.4000000000001,229.4000000000001,1.0,0,1
127,1449,1,0,0.0,1,0,3865.0,1640.0,63.60000000000001,229.4000000000001,1.0,0,1
128,1451,1,1,1.0,1,1,9459.900000000007,3782.200000000002,160.0,180.0,0.0,1,0
129,1465,1,1,0.0,1,0,6080.0,2569.0,182.0,229.4000000000001,0.0,0,0
130,1469,1,0,0.0,1,1,9459.900000000007,0.0,229.4000000000001,229.4000000000001,0.0,1,1
131,1473,1,0,0.0,1,0,2216.1,1929.0,74.0,229.4000000000001,1.0,1,1
132,1478,1,0,0.0,1,0,2718.0,0.0,70.0,229.4000000000001,1.0,2,1
133,1482,1,1,0.0,1,1,3459.0,0.0,63.60000000000001,120.0,1.0,2,1
134,1487,1,0,0.0,1,0,4895.0,0.0,102.0,229.4000000000001,1.0,2,1
135,1488,1,1,3.0,1,0,4000.0,3782.200000000002,229.4000000000001,229.4000000000001,1.0,2,0
136,1489,2,1,0.0,1,0,4583.0,0.0,84.0,229.4000000000001,1.0,0,0
137,1491,1,1,2.0,1,1,3316.0,3500.0,88.0,229.4000000000001,1.0,1,1
138,1492,1,0,0.0,1,0,9459.900000000007,0.0,229.4000000000001,229.4000000000001,0.0,2,0
139,1493,1,1,2.0,0,0,4200.0,1430.0,129.0,229.4000000000001,1.0,0,0
140,1497,1,1,2.0,1,0,5042.0,2083.0,185.0,229.4000000000001,1.0,0,0
141,1498,1,0,0.0,1,0,5417.0,0.0,168.0,229.4000000000001,1.0,1,1
142,1504,1,0,0.0,1,1,6950.0,0.0,175.0,180.0,1.0,2,1
143,1507,1,1,0.0,1,0,2698.0,2034.0,122.0,229.4000000000001,1.0,2,1
144,1508,1,1,2.0,1,0,9459.900000000007,0.0,187.0,180.0,1.0,1,1
145,1514,2,1,0.0,1,0,2330.0,3782.200000000002,100.0,229.4000000000001,1.0,2,1
146,1516,2,1,2.0,1,0,9459.900000000007,0.0,70.0,229.4000000000001,1.0,1,1
147,1518,1,1,1.0,1,0,2216.1,1425.0,63.60000000000001,229.4000000000001,1.0,1,1
148,1519,2,0,0.0,1,0,9459.900000000007,1666.0,225.0,229.4000000000001,1.0,0,0
149,1520,1,1,0.0,1,0,4860.0,830.0,125.0,229.4000000000001,1.0,2,1
150,1528,1,0,0.0,1,0,6277.0,0.0,118.0,229.4000000000001,0.0,0,0
151,1529,1,1,0.0,1,1,2577.0,3750.0,152.0,229.4000000000001,1.0,0,1
152,1531,1,0,0.0,1,0,9166.0,0.0,229.4000000000001,229.4000000000001,1.0,1,0
153,1532,1,1,2.0,0,0,2281.0,0.0,113.0,229.4000000000001,1.0,0,0
154,1535,1,0,0.0,1,0,3254.0,0.0,63.60000000000001,229.4000000000001,1.0,1,1
155,1536,1,1,3.0,1,0,9459.900000000007,0.0,229.4000000000001,180.0,0.0,2,1
156,1541,1,1,1.0,1,0,6000.0,0.0,160.0,229.4000000000001,0.0,0,1
157,1543,1,1,1.0,1,0,9459.900000000007,0.0,187.0,229.4000000000001,1.0,1,1
158,1546,1,0,0.0,1,1,2980.0,2083.0,120.0,229.4000000000001,1.0,0,1
159,1552,1,1,0.0,1,0,4583.0,3782.200000000002,229.4000000000001,229.4000000000001,1.0,2,1
160,1560,1,1,0.0,0,0,2216.1,1041.0,98.0,229.4000000000001,1.0,2,1
161,1562,1,1,0.0,1,0,7933.0,0.0,229.4000000000001,229.4000000000001,1.0,1,0
162,1565,1,1,1.0,1,0,3089.0,1280.0,121.0,229.4000000000001,0.0,2,0
163,1570,1,1,2.0,1,0,4167.0,1447.0,158.0,229.4000000000001,1.0,0,1
164,1572,1,1,0.0,1,0,9323.0,0.0,75.0,180.0,1.0,1,1
165,1574,1,1,0.0,1,0,3707.0,3166.0,182.0,63.60000000000001,1.0,0,1
166,1577,2,1,0.0,1,0,4583.0,0.0,112.0,229.4000000000001,1.0,0,0
167,1578,1,1,0.0,1,0,2439.0,3333.0,129.0,229.4000000000001,1.0,0,1
168,1579,1,0,0.0,1,0,2237.0,0.0,63.60000000000001,229.4000000000001,0.0,2,0
169,1580,1,1,2.0,1,0,8000.0,0.0,200.0,229.4000000000001,1.0,2,1
170,1581,1,1,0.0,0,1,2216.1,1769.0,95.0,229.4000000000001,1.0,0,1
171,1585,1,1,3.0,1,0,9459.900000000007,0.0,229.4000000000001,229.4000000000001,1.0,1,1
172,1586,1,1,3.0,0,0,3522.0,0.0,81.0,180.0,1.0,0,0
173,1594,1,1,0.0,1,0,5708.0,3782.200000000002,187.0,229.4000000000001,1.0,2,1
174,1603,1,1,0.0,0,1,4344.0,736.0,87.0,229.4000000000001,1.0,2,0
175,1606,1,1,0.0,1,0,3497.0,1964.0,116.0,229.4000000000001,1.0,0,1
176,1608,1,1,2.0,1,0,2216.1,1619.0,101.0,229.4000000000001,1.0,0,1
177,1610,1,1,3.0,1,0,5516.0,3782.200000000002,229.4000000000001,229.4000000000001,0.0,2,0
178,1616,1,1,1.0,1,0,3750.0,0.0,116.0,229.4000000000001,1.0,2,1
179,1630,1,0,0.0,0,0,2333.0,1451.0,102.0,229.4000000000001,0.0,1,0
180,1633,1,1,1.0,1,0,6400.0,3782.200000000002,180.0,229.4000000000001,0.0,1,0
181,1634,1,0,0.0,1,0,2216.1,3782.200000000002,67.0,229.4000000000001,0.0,0,0
182,1636,1,1,0.0,1,0,4600.0,0.0,73.0,180.0,1.0,2,1
183,1637,1,1,1.0,1,0,9459.900000000007,0.0,229.4000000000001,229.4000000000001,1.0,2,0
184,1639,2,1,0.0,1,0,3625.0,0.0,108.0,229.4000000000001,1.0,2,1
185,1640,1,1,0.0,1,1,9459.900000000007,3782.200000000002,120.0,229.4000000000001,1.0,2,1
186,1641,1,1,1.0,1,1,2216.1,0.0,66.0,229.4000000000001,0.0,0,0
187,1643,1,1,0.0,1,0,2383.0,2138.0,63.60000000000001,229.4000000000001,0.0,0,1
188,1644,1,1,0.0,1,1,2216.1,3782.200000000002,168.0,229.4000000000001,1.0,0,1
189,1647,1,1,0.0,1,0,9328.0,0.0,188.0,180.0,1.0,0,1
190,1653,1,0,0.0,0,0,4885.0,0.0,63.60000000000001,229.4000000000001,1.0,0,1
191,1656,1,0,0.0,1,0,9459.900000000007,0.0,164.0,229.4000000000001,1.0,2,0
192,1657,1,1,0.0,0,0,6033.0,0.0,160.0,229.4000000000001,1.0,1,0
193,1658,1,0,0.0,1,0,3858.0,0.0,76.0,229.4000000000001,1.0,2,1
194,1664,1,0,0.0,1,0,4191.0,0.0,120.0,229.4000000000001,1.0,0,1
195,1665,1,1,1.0,1,0,3125.0,2583.0,170.0,229.4000000000001,1.0,2,0
196,1666,1,0,0.0,1,0,8333.0,3750.0,187.0,229.4000000000001,1.0,0,1
197,1669,2,0,0.0,0,0,2216.1,2365.0,120.0,63.60000000000001,1.0,1,1
198,1671,2,1,0.0,1,0,3416.0,2816.0,113.0,229.4000000000001,0.0,2,1
199,1673,1,0,0.0,1,1,9459.900000000007,0.0,83.0,229.4000000000001,1.0,1,0
200,1674,1,1,1.0,0,0,2600.0,2500.0,90.0,229.4000000000001,1.0,2,1
201,1677,1,0,2.0,1,0,4923.0,0.0,166.0,229.4000000000001,0.0,2,1
202,1682,1,1,3.0,0,0,3992.0,0.0,63.60000000000001,180.0,1.0,1,0
203,1688,1,1,1.0,0,0,3500.0,1083.0,135.0,229.4000000000001,1.0,1,1
204,1691,1,1,2.0,0,0,3917.0,0.0,124.0,229.4000000000001,1.0,2,1
205,1692,2,0,0.0,0,0,4408.0,0.0,120.0,229.4000000000001,1.0,2,1
206,1693,2,0,0.0,1,0,3244.0,0.0,80.0,229.4000000000001,1.0,1,1
207,1698,1,0,0.0,0,0,3975.0,2531.0,63.60000000000001,229.4000000000001,1.0,0,1
208,1699,1,0,0.0,1,0,2479.0,0.0,63.60000000000001,229.4000000000001,1.0,1,1
209,1702,1,0,0.0,1,0,3418.0,0.0,127.0,229.4000000000001,1.0,2,0
210,1708,2,0,0.0,1,0,9459.900000000007,0.0,214.0,229.4000000000001,1.0,2,0
211,1711,1,1,3.0,1,0,3430.0,1250.0,128.0,229.4000000000001,0.0,2,0
212,1713,1,1,1.0,1,1,7787.0,0.0,229.4000000000001,229.4000000000001,1.0,1,1
213,1715,1,1,3.0,0,1,5703.0,0.0,130.0,229.4000000000001,1.0,0,1
214,1716,1,1,0.0,1,0,3173.0,3021.0,137.0,229.4000000000001,1.0,1,1
215,1720,1,1,3.0,0,0,3850.0,983.0,100.0,229.4000000000001,1.0,2,1
216,1722,1,1,0.0,1,0,2216.1,1800.0,135.0,229.4000000000001,1.0,0,0
217,1726,1,1,0.0,1,0,3727.0,1775.0,131.0,229.4000000000001,1.0,2,1
218,1732,1,1,2.0,1,1,5000.0,0.0,72.0,229.4000000000001,0.0,2,0
219,1734,2,1,2.0,1,0,4283.0,2383.0,127.0,229.4000000000001,0.0,2,1
220,1736,1,1,0.0,1,0,2221.0,0.0,63.60000000000001,229.4000000000001,0.0,1,0
221,1743,1,1,2.0,1,0,4009.0,1717.0,116.0,229.4000000000001,1.0,2,1
222,1744,1,0,0.0,1,0,2971.0,2791.0,144.0,229.4000000000001,1.0,2,1
223,1749,1,1,0.0,1,0,7578.0,1010.0,175.0,63.60000000000001,1.0,2,1
224,1750,1,1,0.0,1,0,6250.0,0.0,128.0,229.4000000000001,1.0,2,1
225,1751,1,1,0.0,1,0,3250.0,0.0,170.0,229.4000000000001,1.0,0,0
226,1754,1,1,0.0,0,1,4735.0,0.0,138.0,229.4000000000001,1.0,1,0
227,1758,1,1,2.0,1,0,6250.0,1695.0,210.0,229.4000000000001,1.0,2,1
228,1760,1,2,0.0,1,0,4758.0,0.0,158.0,229.4000000000001,1.0,2,1
229,1761,1,0,0.0,1,1,6400.0,0.0,200.0,229.4000000000001,1.0,0,1
230,1765,1,1,1.0,1,0,2491.0,2054.0,104.0,229.4000000000001,1.0,2,1
231,1768,1,1,0.0,1,1,3716.0,0.0,63.60000000000001,180.0,1.0,0,1
232,1770,1,0,0.0,0,0,3189.0,2598.0,120.0,63.60000000000001,1.0,0,1
233,1776,2,0,0.0,1,0,8333.0,0.0,229.4000000000001,229.4000000000001,1.0,2,1
234,1778,1,1,1.0,1,0,3155.0,1779.0,140.0,229.4000000000001,1.0,2,1
235,1784,1,1,1.0,1,0,5500.0,1260.0,170.0,229.4000000000001,1.0,0,1
236,1786,1,1,0.0,1,1,5746.0,0.0,229.4000000000001,229.4000000000001,0.0,1,0
237,1788,2,0,0.0,1,1,3463.0,0.0,122.0,229.4000000000001,0.0,1,1
238,1790,2,0,1.0,1,0,3812.0,0.0,112.0,229.4000000000001,1.0,0,1
239,1792,1,1,1.0,1,0,3315.0,0.0,96.0,229.4000000000001,1.0,2,1
240,1798,1,1,2.0,1,0,5819.0,3782.200000000002,120.0,229.4000000000001,1.0,0,1
241,1800,1,1,1.0,0,0,2510.0,1983.0,140.0,180.0,1.0,1,0
242,1806,1,0,0.0,1,0,2965.0,3782.200000000002,155.0,63.60000000000001,1.0,1,1
243,1807,1,1,2.0,1,1,6250.0,1300.0,108.0,229.4000000000001,1.0,0,1
244,1811,1,1,0.0,0,0,3406.0,3782.200000000002,123.0,229.4000000000001,1.0,2,1
245,1813,1,0,0.0,1,1,6050.0,3782.200000000002,120.0,180.0,1.0,1,0
246,1814,1,1,2.0,1,0,9459.900000000007,0.0,112.0,229.4000000000001,1.0,1,1
247,1819,1,1,1.0,0,0,6608.0,0.0,137.0,180.0,1.0,1,1
248,1824,1,1,1.0,1,0,2882.0,1843.0,123.0,229.4000000000001,1.0,2,1
249,1825,1,1,0.0,1,0,2216.1,1868.0,90.0,229.4000000000001,1.0,1,1
250,1835,1,1,0.0,0,0,2216.1,3782.200000000002,201.0,229.4000000000001,0.0,2,0
251,1836,2,0,2.0,1,0,3427.0,0.0,138.0,229.4000000000001,1.0,1,0
252,1841,1,0,0.0,0,1,2583.0,2167.0,104.0,229.4000000000001,1.0,0,1
253,1843,1,1,1.0,0,0,2661.0,3782.200000000002,229.4000000000001,180.0,1.0,2,1
254,1844,1,0,0.0,1,1,9459.900000000007,0.0,192.0,229.4000000000001,0.0,1,0
255,1846,2,0,3.0,1,0,3083.0,0.0,229.4000000000001,229.4000000000001,1.0,0,1
256,1849,1,0,0.0,0,0,6045.0,0.0,115.0,229.4000000000001,0.0,0,0
257,1854,1,1,3.0,1,0,5250.0,0.0,94.0,229.4000000000001,1.0,1,0
258,1859,1,1,0.0,1,0,9459.900000000007,2100.0,229.4000000000001,229.4000000000001,1.0,0,0
259,1864,1,1,3.0,0,0,4931.0,0.0,128.0,229.4000000000001,0.0,2,0
260,1865,1,1,1.0,1,0,6083.0,3782.200000000002,229.4000000000001,229.4000000000001,0.0,1,1
261,1868,1,0,0.0,1,0,2216.1,2209.0,134.0,229.4000000000001,1.0,2,1
262,1870,2,0,1.0,1,0,3481.0,0.0,155.0,63.60000000000001,1.0,2,0
263,1871,2,0,0.0,1,0,7200.0,0.0,120.0,229.4000000000001,1.0,0,1
264,1872,1,0,0.0,1,1,5166.0,0.0,128.0,229.4000000000001,1.0,2,1
265,1875,1,0,0.0,1,0,4095.0,3447.0,151.0,229.4000000000001,1.0,0,1
266,1877,1,1,2.0,1,0,4708.0,1387.0,150.0,229.4000000000001,1.0,2,1
267,1882,1,1,3.0,1,0,4333.0,1811.0,160.0,229.4000000000001,0.0,1,1
268,1883,2,0,0.0,1,1,3418.0,0.0,135.0,229.4000000000001,1.0,0,0
269,1884,2,0,1.0,1,0,2876.0,1560.0,90.0,229.4000000000001,1.0,1,1
270,1888,2,0,0.0,1,0,3237.0,0.0,63.60000000000001,229.4000000000001,1.0,1,1
271,1891,1,1,0.0,1,0,9459.900000000007,0.0,136.0,229.4000000000001,1.0,1,1
272,1892,1,0,0.0,1,0,2833.0,1857.0,126.0,229.4000000000001,1.0,0,1
273,1894,1,1,0.0,1,0,2620.0,2223.0,150.0,229.4000000000001,1.0,2,1
274,1896,1,1,2.0,1,0,3900.0,0.0,90.0,229.4000000000001,1.0,2,1
275,1900,1,1,1.0,1,0,2750.0,1842.0,115.0,229.4000000000001,1.0,2,1
276,1903,1,1,0.0,1,0,3993.0,3274.0,207.0,229.4000000000001,1.0,2,1
277,1904,1,1,0.0,1,0,3103.0,1300.0,80.0,229.4000000000001,1.0,1,1
278,1907,1,1,0.0,1,0,9459.900000000007,0.0,229.4000000000001,229.4000000000001,1.0,2,1
279,1908,2,1,0.0,0,0,4100.0,0.0,124.0,229.4000000000001,0.0,0,1
280,1910,1,0,1.0,0,1,4053.0,2426.0,158.0,229.4000000000001,0.0,1,0
281,1914,1,1,0.0,1,0,3927.0,800.0,112.0,229.4000000000001,1.0,2,1
282,1915,1,1,2.0,1,0,2301.0,985.7999878,78.0,180.0,1.0,1,1
283,1917,2,0,0.0,1,0,2216.1,1666.0,63.60000000000001,229.4000000000001,1.0,1,1
284,1922,1,1,0.0,1,0,9459.900000000007,0.0,63.60000000000001,229.4000000000001,1.0,0,0
285,1924,1,0,0.0,1,0,3158.0,3053.0,89.0,229.4000000000001,1.0,0,1
286,1925,2,0,0.0,1,1,2600.0,1717.0,99.0,229.4000000000001,1.0,2,0
287,1926,1,1,0.0,1,0,3704.0,2000.0,120.0,229.4000000000001,1.0,0,1
288,1931,2,0,0.0,1,0,4124.0,0.0,115.0,229.4000000000001,1.0,2,1
289,1935,1,0,0.0,1,0,9459.900000000007,0.0,187.0,229.4000000000001,1.0,0,1
290,1936,1,1,0.0,1,0,3075.0,2416.0,139.0,229.4000000000001,1.0,0,1
291,1938,1,1,2.0,1,0,4400.0,0.0,127.0,229.4000000000001,0.0,2,0
292,1940,1,1,2.0,1,0,3153.0,1560.0,134.0,229.4000000000001,1.0,1,1
293,1945,2,0,0.0,1,0,5417.0,0.0,143.0,229.4000000000001,0.0,1,0
294,1947,1,1,0.0,1,0,2383.0,3334.0,172.0,229.4000000000001,1.0,2,1
295,1949,1,1,3.0,1,1,4416.0,1250.0,110.0,229.4000000000001,1.0,1,1
296,1953,1,1,1.0,1,0,6875.0,0.0,200.0,229.4000000000001,1.0,2,1
297,1954,2,1,1.0,1,0,4666.0,0.0,135.0,229.4000000000001,1.0,1,1
298,1955,2,0,0.0,1,0,5000.0,2541.0,151.0,229.4000000000001,1.0,0,0
299,1963,1,1,1.0,1,0,2216.1,2925.0,113.0,229.4000000000001,1.0,1,0
300,1964,1,1,0.0,0,0,2216.1,2934.0,93.0,229.4000000000001,0.0,1,0
301,1972,1,1,0.0,0,0,2875.0,1750.0,105.0,229.4000000000001,1.0,2,1
302,1974,2,0,0.0,1,0,5000.0,0.0,132.0,229.4000000000001,1.0,0,1
303,1977,1,1,1.0,1,0,2216.1,1803.0,96.0,229.4000000000001,1.0,1,1
304,1978,1,0,0.0,1,0,4000.0,2500.0,140.0,229.4000000000001,1.0,0,1
305,1990,1,0,0.0,0,0,2216.1,0.0,63.60000000000001,229.4000000000001,1.0,1,0
306,1993,2,0,0.0,1,0,3762.0,1666.0,135.0,229.4000000000001,1.0,0,1
307,1994,2,0,0.0,1,0,2400.0,1863.0,104.0,229.4000000000001,0.0,1,0
308,1996,1,0,0.0,1,0,9459.900000000007,0.0,229.4000000000001,229.4000000000001,1.0,0,0
309,1998,1,1,2.0,0,0,7667.0,0.0,185.0,229.4000000000001,0.0,0,1
310,2002,2,0,0.0,1,0,2917.0,0.0,84.0,229.4000000000001,1.0,2,1
311,2004,1,0,0.0,0,0,2927.0,2405.0,111.0,229.4000000000001,1.0,2,1
312,2006,2,0,0.0,1,0,2507.0,0.0,63.60000000000001,229.4000000000001,1.0,0,1
313,2008,1,1,2.0,1,1,5746.0,0.0,144.0,84.0,0.0,0,1
314,2024,1,1,0.0,1,0,2473.0,1843.0,159.0,229.4000000000001,1.0,0,0
315,2031,1,1,1.0,0,0,3399.0,1640.0,111.0,180.0,1.0,1,1
316,2035,1,1,2.0,1,0,3717.0,0.0,120.0,229.4000000000001,1.0,2,1
317,2036,1,1,0.0,1,0,2216.1,2134.0,88.0,229.4000000000001,0.0,1,1
318,2043,2,0,1.0,1,0,3541.0,0.0,112.0,229.4000000000001,0.0,2,1
319,2050,1,1,1.0,1,1,9459.900000000007,0.0,155.0,229.4000000000001,1.0,0,0
320,2051,1,1,0.0,1,0,2400.0,2167.0,115.0,229.4000000000001,1.0,2,1
321,2053,1,1,3.0,1,0,4342.0,189.0,124.0,229.4000000000001,1.0,2,1
322,2054,1,1,2.0,0,0,3601.0,1590.0,63.60000000000001,229.4000000000001,1.0,0,1
323,2055,2,0,0.0,1,0,3166.0,2985.0,132.0,229.4000000000001,0.0,0,1
324,2065,1,1,3.0,1,0,9459.900000000007,0.0,229.4000000000001,229.4000000000001,1.0,0,1
325,2067,1,1,1.0,1,1,8666.0,3782.200000000002,229.4000000000001,229.4000000000001,0.0,0,0
326,2068,1,0,0.0,1,0,4917.0,0.0,130.0,229.4000000000001,0.0,0,1
327,2082,1,1,0.0,1,1,5818.0,2160.0,184.0,229.4000000000001,1.0,2,1
328,2086,2,1,0.0,1,0,4333.0,2451.0,110.0,229.4000000000001,1.0,1,0
329,2087,2,0,0.0,1,0,2500.0,0.0,67.0,229.4000000000001,1.0,1,1
330,2097,1,0,1.0,1,0,4384.0,1793.0,117.0,229.4000000000001,1.0,1,1
331,2098,1,0,0.0,1,0,2935.0,0.0,98.0,229.4000000000001,1.0,2,1
332,2100,1,0,0.0,1,0,2833.0,0.0,71.0,229.4000000000001,1.0,1,1
333,2101,1,1,0.0,1,1,9459.900000000007,0.0,229.4000000000001,180.0,1.0,1,1
334,2103,1,1,1.0,1,1,9459.900000000007,1833.0,182.0,180.0,1.0,1,1
335,2106,1,1,0.0,1,1,5503.0,3782.200000000002,70.0,63.60000000000001,1.0,2,1
336,2110,1,1,1.0,1,1,5250.0,688.0,160.0,229.4000000000001,1.0,0,1
337,2112,1,1,2.0,1,1,2500.0,3782.200000000002,176.0,229.4000000000001,1.0,0,1
338,2113,2,0,3.0,0,0,2216.1,0.0,63.60000000000001,229.4000000000001,0.0,1,0
339,2114,2,0,0.0,1,0,4160.0,0.0,71.0,229.4000000000001,1.0,2,1
340,2115,1,1,3.0,0,0,2647.0,1587.0,173.0,229.4000000000001,1.0,0,0
341,2116,2,0,0.0,1,0,2378.0,0.0,63.60000000000001,229.4000000000001,1.0,0,0
342,2119,1,1,1.0,0,0,4554.0,1229.0,158.0,229.4000000000001,1.0,1,1
343,2126,1,1,3.0,0,0,3173.0,0.0,74.0,229.4000000000001,1.0,2,1
344,2128,1,1,2.0,1,1,2583.0,2330.0,125.0,229.4000000000001,1.0,0,1
345,2129,1,1,0.0,1,0,2499.0,2458.0,160.0,229.4000000000001,1.0,2,1
346,2130,1,1,0.0,0,0,3523.0,3230.0,152.0,229.4000000000001,0.0,0,0
347,2131,1,1,2.0,0,0,3083.0,2168.0,126.0,229.4000000000001,1.0,1,1
348,2137,1,1,0.0,1,0,6333.0,3782.200000000002,229.4000000000001,229.4000000000001,0.0,2,1
349,2138,1,1,0.0,1,0,2625.0,3782.200000000002,187.0,229.4000000000001,1.0,0,1
350,2139,1,1,0.0,1,0,9083.0,0.0,228.0,229.4000000000001,1.0,2,1
351,2140,1,0,0.0,1,0,8750.0,3782.200000000002,229.4000000000001,229.4000000000001,1.0,0,0
352,2141,1,1,3.0,1,0,2666.0,2083.0,95.0,229.4000000000001,1.0,0,1
353,2142,2,1,0.0,1,1,5500.0,0.0,105.0,229.4000000000001,0.0,0,0
354,2143,2,1,0.0,1,0,2423.0,505.0,130.0,229.4000000000001,1.0,2,1
355,2144,2,0,0.0,1,0,3813.0,0.0,116.0,180.0,1.0,1,1
356,2149,1,1,2.0,1,0,8333.0,3167.0,165.0,229.4000000000001,1.0,0,1
357,2151,1,1,1.0,1,0,3875.0,0.0,67.0,229.4000000000001,1.0,1,0
358,2158,1,1,0.0,0,0,3000.0,1666.0,100.0,229.4000000000001,0.0,1,0
359,2160,1,1,3.0,1,0,5167.0,3167.0,200.0,229.4000000000001,1.0,2,1
360,2161,2,0,1.0,1,0,4723.0,0.0,81.0,229.4000000000001,1.0,2,0
361,2170,1,1,2.0,1,0,5000.0,3667.0,229.4000000000001,229.4000000000001,1.0,2,1
362,2175,1,1,0.0,1,0,4750.0,2333.0,130.0,229.4000000000001,1.0,1,1
363,2178,1,1,0.0,1,0,3013.0,3033.0,95.0,229.4000000000001,0.0,1,1
364,2180,1,0,0.0,1,1,6822.0,0.0,141.0,229.4000000000001,1.0,0,1
365,2181,1,0,0.0,0,0,6216.0,0.0,133.0,229.4000000000001,1.0,0,0
366,2187,1,0,0.0,1,0,2500.0,0.0,96.0,229.4000000000001,1.0,2,0
367,2188,1,0,0.0,1,0,5124.0,0.0,124.0,63.60000000000001,0.0,0,0
368,2190,1,1,1.0,1,0,6325.0,0.0,175.0,229.4000000000001,1.0,2,1
369,2191,1,1,0.0,1,0,9459.900000000007,3782.200000000002,229.4000000000001,229.4000000000001,1.0,0,0
370,2194,2,0,0.0,1,1,9459.900000000007,0.0,63.60000000000001,229.4000000000001,1.0,2,1
371,2197,1,1,2.0,1,0,5185.0,0.0,155.0,229.4000000000001,1.0,2,1
372,2201,1,1,2.0,1,1,9323.0,3782.200000000002,229.4000000000001,229.4000000000001,1.0,0,1
373,2205,1,0,1.0,1,0,3062.0,1987.0,111.0,180.0,0.0,1,0
374,2209,2,0,0.0,1,1,2764.0,1459.0,110.0,229.4000000000001,1.0,1,1
375,2211,1,1,0.0,1,0,4817.0,923.0,120.0,180.0,1.0,1,1
376,2219,1,1,3.0,1,0,8750.0,3782.200000000002,130.0,229.4000000000001,1.0,0,1
377,2223,1,1,0.0,1,0,4310.0,0.0,130.0,229.4000000000001,0.0,2,1
378,2224,1,0,0.0,1,0,3069.0,0.0,71.0,229.4000000000001,1.0,1,0
379,2225,1,1,2.0,1,0,5391.0,0.0,130.0,229.4000000000001,1.0,1,1
380,2226,1,1,0.0,1,1,3333.0,2500.0,128.0,229.4000000000001,1.0,2,1
381,2229,1,0,0.0,1,0,5941.0,3782.200000000002,229.4000000000001,229.4000000000001,1.0,2,1
382,2231,2,0,0.0,1,0,6000.0,0.0,156.0,229.4000000000001,1.0,1,1
383,2234,1,0,0.0,1,1,7167.0,0.0,128.0,229.4000000000001,1.0,1,1
384,2236,1,1,2.0,1,0,4566.0,0.0,100.0,229.4000000000001,1.0,1,0
385,2237,1,0,1.0,1,1,3667.0,0.0,113.0,180.0,1.0,1,1
386,2239,1,0,0.0,0,0,2346.0,1600.0,132.0,229.4000000000001,1.0,2,1
387,2243,1,1,0.0,0,0,3010.0,3136.0,63.60000000000001,229.4000000000001,0.0,1,0
388,2244,1,1,0.0,1,0,2333.0,2417.0,136.0,229.4000000000001,1.0,1,1
389,2250,1,1,0.0,1,0,5488.0,0.0,125.0,229.4000000000001,1.0,0,1
390,2255,1,0,3.0,1,0,9167.0,0.0,185.0,229.4000000000001,1.0,0,1
391,2262,1,1,3.0,1,0,9459.900000000007,0.0,229.4000000000001,229.4000000000001,1.0,0,1
392,2263,1,1,0.0,1,0,2583.0,2115.0,120.0,229.4000000000001,0.0,1,1
393,2265,1,1,2.0,0,0,2216.1,1625.0,113.0,180.0,1.0,2,1
394,2266,1,1,2.0,1,0,3100.0,1400.0,113.0,229.4000000000001,1.0,1,1
395,2272,1,1,2.0,1,0,3276.0,484.0,135.0,229.4000000000001,0.0,2,1
396,2277,2,0,0.0,1,0,3180.0,0.0,71.0,229.4000000000001,0.0,1,0
397,2281,1,1,0.0,1,0,3033.0,1459.0,95.0,229.4000000000001,1.0,1,1
398,2284,1,0,0.0,0,0,3902.0,1666.0,109.0,229.4000000000001,1.0,0,1
399,2287,2,0,0.0,1,0,2216.1,1800.0,103.0,229.4000000000001,0.0,2,0
400,2288,1,1,2.0,0,0,2889.0,0.0,63.60000000000001,180.0,0.0,1,0
401,2296,1,0,0.0,0,0,2755.0,0.0,65.0,229.4000000000001,1.0,0,0
402,2297,1,0,0.0,1,0,2500.0,3782.200000000002,103.0,229.4000000000001,1.0,2,1
403,2300,2,0,0.0,0,0,2216.1,0.0,63.60000000000001,229.4000000000001,1.0,2,1
404,2301,2,0,0.0,1,1,7441.0,0.0,194.0,229.4000000000001,1.0,0,0
405,2305,2,0,0.0,1,0,4547.0,0.0,115.0,229.4000000000001,1.0,2,1
406,2308,1,1,0.0,0,0,2216.1,2400.0,115.0,229.4000000000001,1.0,1,1
407,2314,2,0,0.0,0,0,2216.1,0.0,66.0,229.4000000000001,1.0,0,1
408,2315,1,1,1.0,1,0,8300.0,0.0,152.0,229.4000000000001,0.0,2,0
409,2317,1,1,3.0,1,0,9459.900000000007,0.0,229.4000000000001,229.4000000000001,0.0,0,0
410,2318,2,0,1.0,0,1,3867.0,0.0,63.60000000000001,229.4000000000001,1.0,2,0
411,2319,1,1,0.0,1,1,6256.0,0.0,160.0,229.4000000000001,0.0,1,1
412,2328,1,1,0.0,0,0,6096.0,0.0,218.0,229.4000000000001,0.0,0,0
413,2332,1,1,0.0,0,0,2253.0,2033.0,110.0,229.4000000000001,1.0,0,1
414,2335,2,1,0.0,0,0,2216.1,3237.0,178.0,229.4000000000001,0.0,2,0
415,2337,2,0,0.0,1,0,2995.0,0.0,63.60000000000001,229.4000000000001,1.0,1,1
416,2341,2,0,1.0,1,0,2600.0,0.0,160.0,229.4000000000001,1.0,1,0
417,2342,1,1,2.0,1,1,2216.1,3782.200000000002,229.4000000000001,229.4000000000001,1.0,1,0
418,2345,1,1,0.0,1,0,2216.1,2773.0,112.0,229.4000000000001,1.0,0,1
419,2347,1,1,0.0,1,0,3246.0,1417.0,138.0,229.4000000000001,1.0,2,1
420,2348,1,1,0.0,1,0,5829.0,0.0,138.0,229.4000000000001,1.0,0,1
421,2357,2,0,0.0,0,0,2720.0,0.0,80.0,63.60000000000001,0.0,1,0
422,2361,1,1,0.0,1,0,2216.1,1719.0,100.0,229.4000000000001,1.0,1,1
423,2362,1,1,1.0,1,0,7250.0,1667.0,110.0,63.60000000000001,0.0,1,0
424,2364,1,1,0.0,1,0,9459.900000000007,0.0,96.0,229.4000000000001,1.0,2,1
425,2366,1,1,0.0,1,0,2666.0,3782.200000000002,121.0,229.4000000000001,1.0,0,1
426,2367,2,0,1.0,0,0,4606.0,0.0,81.0,229.4000000000001,1.0,0,0
427,2368,1,1,2.0,1,0,5935.0,0.0,133.0,229.4000000000001,1.0,2,1
428,2369,1,1,0.0,1,0,2920.0,16.12000084,87.0,229.4000000000001,1.0,0,1
429,2370,1,0,0.0,0,0,2717.0,0.0,63.60000000000001,180.0,1.0,1,1
430,2377,2,0,1.0,1,1,8624.0,0.0,150.0,229.4000000000001,1.0,2,1
431,2379,1,0,0.0,1,0,6500.0,0.0,105.0,229.4000000000001,0.0,0,0
432,2386,1,0,0.0,1,1,9459.900000000007,0.0,229.4000000000001,229.4000000000001,1.0,2,1
433,2387,1,1,0.0,1,0,2425.0,2340.0,143.0,229.4000000000001,1.0,2,1
434,2390,1,0,0.0,1,0,3750.0,0.0,100.0,229.4000000000001,1.0,1,1
435,2393,2,2,0.0,1,0,9459.900000000007,0.0,63.60000000000001,229.4000000000001,1.0,2,1
436,2398,1,0,0.0,1,0,2216.1,1851.0,63.60000000000001,229.4000000000001,1.0,2,1
437,2401,1,1,0.0,1,0,2216.1,1125.0,63.60000000000001,229.4000000000001,1.0,1,1
438,2403,1,0,0.0,1,1,9459.900000000007,0.0,187.0,229.4000000000001,0.0,1,0
439,2407,2,1,0.0,0,1,7142.0,0.0,138.0,229.4000000000001,1.0,0,1
440,2408,1,0,0.0,1,0,3660.0,3782.200000000002,187.0,229.4000000000001,1.0,2,1
441,2409,1,1,0.0,1,0,7901.0,1833.0,180.0,229.4000000000001,1.0,0,1
442,2418,1,0,3.0,0,0,4707.0,1993.0,148.0,229.4000000000001,1.0,2,1
443,2422,1,0,1.0,1,0,9459.900000000007,0.0,152.0,229.4000000000001,1.0,2,1
444,2424,1,1,0.0,1,0,7333.0,3782.200000000002,175.0,229.4000000000001,0.0,0,1
445,2429,1,1,1.0,1,1,3466.0,1210.0,130.0,229.4000000000001,1.0,0,1
446,2434,1,1,2.0,0,0,4652.0,0.0,110.0,229.4000000000001,1.0,0,1
447,2435,1,1,0.0,1,1,3539.0,1376.0,63.60000000000001,229.4000000000001,1.0,0,0
448,2443,1,1,2.0,1,0,3340.0,1710.0,150.0,229.4000000000001,0.0,0,0
449,2444,1,0,1.0,0,1,2769.0,1542.0,190.0,229.4000000000001,0.0,2,0
450,2446,1,1,2.0,0,0,2309.0,1255.0,125.0,229.4000000000001,0.0,0,0
451,2447,1,1,2.0,0,0,2216.1,1456.0,63.60000000000001,229.4000000000001,0.0,1,1
452,2448,1,1,0.0,1,0,3948.0,1733.0,149.0,229.4000000000001,0.0,0,0
453,2449,1,1,0.0,1,0,2483.0,2466.0,90.0,180.0,0.0,0,1
454,2453,1,0,0.0,1,1,7085.0,0.0,84.0,229.4000000000001,1.0,2,1
455,2455,1,1,2.0,1,0,3859.0,0.0,96.0,229.4000000000001,1.0,2,1
456,2459,1,1,0.0,1,0,4301.0,0.0,118.0,229.4000000000001,1.0,1,1
457,2467,1,1,0.0,1,0,3708.0,2569.0,173.0,229.4000000000001,1.0,1,0
458,2472,1,0,2.0,1,0,4354.0,0.0,136.0,229.4000000000001,1.0,0,1
459,2473,1,1,0.0,1,0,8334.0,0.0,160.0,229.4000000000001,1.0,2,0
460,2478,1,1,0.0,1,1,2216.1,3782.200000000002,160.0,229.4000000000001,0.0,2,1
461,2484,1,1,3.0,1,0,7740.0,0.0,128.0,180.0,1.0,1,1
462,2487,1,1,0.0,1,0,3015.0,2188.0,153.0,229.4000000000001,1.0,0,1
463,2489,2,0,1.0,0,1,5191.0,0.0,132.0,229.4000000000001,1.0,2,1
464,2493,1,0,0.0,1,0,4166.0,0.0,98.0,229.4000000000001,0.0,2,0
465,2494,1,0,0.0,1,0,6000.0,0.0,140.0,229.4000000000001,1.0,0,1
466,2500,1,1,3.0,0,0,2947.0,1664.0,70.0,180.0,0.0,1,0
467,2501,1,1,0.0,1,0,9459.900000000007,0.0,110.0,229.4000000000001,1.0,2,1
468,2502,2,1,2.0,0,1,2216.1,2917.0,98.0,229.4000000000001,1.0,2,1
469,2505,1,1,0.0,1,0,4333.0,2451.0,110.0,229.4000000000001,1.0,1,0
470,2515,1,1,1.0,1,1,3450.0,2079.0,162.0,229.4000000000001,1.0,2,1
471,2517,1,1,1.0,0,0,2653.0,1500.0,113.0,180.0,0.0,0,0
472,2519,1,1,3.0,1,0,4691.0,0.0,100.0,229.4000000000001,1.0,2,1
473,2522,2,0,0.0,1,1,2500.0,0.0,93.0,229.4000000000001,0.0,1,1
474,2524,1,0,2.0,1,0,5532.0,3782.200000000002,162.0,229.4000000000001,1.0,0,1
475,2527,1,1,2.0,1,1,9459.900000000007,1014.0,150.0,229.4000000000001,1.0,0,1
476,2529,1,1,2.0,1,0,6700.0,1750.0,229.4000000000001,229.4000000000001,1.0,2,1
477,2530,1,1,2.0,1,0,2873.0,1872.0,132.0,229.4000000000001,0.0,2,0
478,2531,1,1,1.0,1,1,9459.900000000007,2250.0,86.0,229.4000000000001,1.0,2,1
479,2533,1,1,2.0,1,0,2947.0,1603.0,63.60000000000001,229.4000000000001,1.0,1,0
480,2534,2,0,0.0,0,0,4350.0,0.0,154.0,229.4000000000001,1.0,0,1
481,2536,1,1,3.0,0,0,3095.0,0.0,113.0,229.4000000000001,1.0,0,1
482,2537,1,1,0.0,1,0,2216.1,3150.0,128.0,229.4000000000001,1.0,2,1
483,2541,1,1,0.0,1,0,9459.900000000007,0.0,229.4000000000001,229.4000000000001,1.0,2,1
484,2543,1,1,2.0,1,0,8333.0,0.0,229.4000000000001,229.4000000000001,1.0,2,1
485,2544,1,1,1.0,0,0,2216.1,2436.0,131.0,229.4000000000001,1.0,0,1
486,2545,1,0,2.0,1,0,3547.0,0.0,80.0,229.4000000000001,0.0,0,0
487,2547,1,1,1.0,1,0,9459.900000000007,0.0,229.4000000000001,229.4000000000001,1.0,1,0
488,2555,1,1,2.0,1,1,4583.0,2083.0,160.0,229.4000000000001,1.0,2,1
489,2556,1,0,0.0,1,0,2435.0,0.0,75.0,229.4000000000001,1.0,1,0
490,2560,1,0,0.0,0,0,2699.0,2785.0,96.0,229.4000000000001,0.0,2,1
491,2562,1,1,1.0,0,0,5333.0,1131.0,186.0,229.4000000000001,0.0,1,1
492,2571,1,0,0.0,0,0,3691.0,0.0,110.0,229.4000000000001,1.0,0,1
493,2582,2,0,0.0,0,1,9459.900000000007,0.0,225.0,229.4000000000001,1.0,2,1
494,2585,1,1,0.0,1,0,3597.0,2157.0,119.0,229.4000000000001,0.0,0,0
495,2586,2,1,1.0,1,0,3326.0,913.0,105.0,84.0,1.0,2,1
496,2587,1,1,0.0,0,0,2600.0,1700.0,107.0,229.4000000000001,1.0,0,1
497,2588,1,1,0.0,1,0,4625.0,2857.0,111.0,63.60000000000001,0.0,1,1
498,2600,1,1,1.0,1,1,2895.0,0.0,95.0,229.4000000000001,1.0,2,1
499,2602,1,0,0.0,1,0,6283.0,3782.200000000002,209.0,229.4000000000001,0.0,0,0
500,2603,2,0,0.0,1,0,2216.1,3683.0,113.0,229.4000000000001,1.0,0,1
501,2606,2,0,0.0,1,0,3159.0,0.0,100.0,229.4000000000001,1.0,2,1
502,2615,1,1,2.0,1,0,4865.0,3782.200000000002,208.0,229.4000000000001,1.0,2,1
503,2618,1,1,1.0,0,0,4050.0,3782.200000000002,138.0,229.4000000000001,0.0,0,0
504,2619,1,1,0.0,0,0,3814.0,1483.0,124.0,229.4000000000001,1.0,2,1
505,2622,1,1,2.0,1,0,3510.0,3782.200000000002,229.4000000000001,229.4000000000001,1.0,0,1
506,2624,1,1,0.0,1,0,9459.900000000007,3782.200000000002,229.4000000000001,229.4000000000001,0.0,1,1
507,2625,1,0,0.0,1,0,3583.0,0.0,96.0,229.4000000000001,1.0,1,0
508,2626,1,1,0.0,1,1,2479.0,3013.0,188.0,229.4000000000001,1.0,1,1
509,2634,2,0,1.0,1,0,9459.900000000007,0.0,63.60000000000001,229.4000000000001,1.0,1,1
510,2637,1,0,0.0,0,0,3598.0,1287.0,100.0,229.4000000000001,1.0,0,0
511,2640,1,1,1.0,1,0,6065.0,2004.0,229.4000000000001,229.4000000000001,1.0,2,1
512,2643,1,1,2.0,1,0,3283.0,2035.0,148.0,229.4000000000001,1.0,1,1
513,2648,1,1,0.0,1,0,2216.1,3782.200000000002,70.0,180.0,1.0,2,0
514,2652,1,0,0.0,1,0,5815.0,3666.0,229.4000000000001,229.4000000000001,1.0,0,0
515,2659,1,1,3.0,1,0,3466.0,3428.0,150.0,229.4000000000001,1.0,0,1
516,2670,2,1,2.0,1,0,2216.1,1632.0,113.0,229.4000000000001,1.0,2,1
517,2682,1,1,0.0,0,0,3074.0,1800.0,123.0,229.4000000000001,0.0,2,0
518,2683,1,0,0.0,1,0,4683.0,1915.0,185.0,229.4000000000001,1.0,2,0
519,2684,2,0,0.0,0,0,3400.0,0.0,95.0,229.4000000000001,1.0,0,0
520,2689,1,1,2.0,0,0,2216.1,1742.0,63.60000000000001,229.4000000000001,1.0,2,1
521,2690,1,0,0.0,1,0,2500.0,0.0,63.60000000000001,229.4000000000001,1.0,2,1
522,2692,1,1,3.0,1,1,5677.0,1424.0,100.0,229.4000000000001,1.0,0,1
523,2693,1,1,2.0,1,1,7948.0,3782.200000000002,229.4000000000001,229.4000000000001,1.0,0,1
524,2697,1,0,0.0,1,0,4680.0,2087.0,63.60000000000001,229.4000000000001,1.0,2,0
525,2699,1,1,2.0,1,1,9459.900000000007,0.0,229.4000000000001,229.4000000000001,1.0,0,1
526,2705,1,1,0.0,1,0,3775.0,0.0,110.0,229.4000000000001,1.0,2,1
527,2706,1,1,1.0,0,0,5285.0,1430.0,161.0,229.4000000000001,0.0,2,1
528,2714,1,0,1.0,0,0,2679.0,1302.0,94.0,229.4000000000001,1.0,2,1
529,2716,1,0,0.0,0,0,6783.0,0.0,130.0,229.4000000000001,1.0,2,1
530,2717,1,1,0.0,1,0,2216.1,3782.200000000002,216.0,229.4000000000001,0.0,0,1
531,2720,1,1,3.0,1,0,4281.0,0.0,100.0,229.4000000000001,1.0,1,1
532,2723,1,0,2.0,1,0,3588.0,0.0,110.0,229.4000000000001,0.0,0,0
533,2729,1,0,1.0,1,0,9459.900000000007,0.0,196.0,229.4000000000001,0.0,2,0
534,2731,2,0,0.0,0,1,9459.900000000007,0.0,125.0,229.4000000000001,1.0,1,1
535,2732,1,0,0.0,0,1,2550.0,2042.0,126.0,229.4000000000001,1.0,0,1
536,2734,1,1,0.0,1,0,6133.0,3782.200000000002,229.4000000000001,229.4000000000001,1.0,1,1
537,2738,1,0,2.0,1,0,3617.0,0.0,107.0,229.4000000000001,1.0,2,1
538,2739,1,1,0.0,0,0,2917.0,536.0,66.0,229.4000000000001,1.0,0,0
539,2740,1,1,3.0,1,0,6417.0,0.0,157.0,180.0,1.0,0,1
540,2741,2,1,1.0,1,0,4608.0,2845.0,140.0,180.0,1.0,2,1
541,2743,2,0,0.0,1,0,2216.1,0.0,99.0,229.4000000000001,0.0,2,0
542,2753,2,0,1.0,1,1,3652.0,0.0,95.0,229.4000000000001,1.0,2,1
543,2755,1,1,1.0,0,0,2239.0,2524.0,128.0,229.4000000000001,1.0,1,1
544,2757,2,1,0.0,0,0,3017.0,663.0,102.0,229.4000000000001,0.0,2,1
545,2767,1,1,0.0,1,0,2768.0,1950.0,155.0,229.4000000000001,1.0,0,1
546,2768,1,0,0.0,0,0,3358.0,0.0,80.0,63.60000000000001,1.0,2,0
547,2772,1,0,0.0,1,0,2526.0,1783.0,145.0,229.4000000000001,1.0,0,1
548,2776,2,0,0.0,1,0,5000.0,0.0,103.0,229.4000000000001,0.0,2,0
549,2777,1,1,0.0,1,0,2785.0,2016.0,110.0,229.4000000000001,1.0,0,1
550,2778,1,1,2.0,1,1,6633.0,0.0,63.60000000000001,229.4000000000001,0.0,0,0
551,2784,1,1,1.0,0,0,2492.0,2375.0,63.60000000000001,229.4000000000001,1.0,0,1
552,2785,1,1,1.0,1,0,3333.0,3250.0,158.0,229.4000000000001,1.0,1,1
553,2788,1,1,0.0,0,0,2454.0,2333.0,181.0,229.4000000000001,0.0,1,0
554,2789,1,1,0.0,1,0,3593.0,3782.200000000002,132.0,180.0,0.0,0,0
555,2792,1,1,1.0,1,0,5468.0,1032.0,63.60000000000001,229.4000000000001,1.0,2,1
556,2794,2,0,0.0,1,0,2667.0,1625.0,84.0,229.4000000000001,0.0,1,1
557,2795,1,1,3.0,1,1,9459.900000000007,0.0,229.4000000000001,229.4000000000001,1.0,2,1
558,2798,1,1,0.0,1,0,3887.0,2669.0,162.0,229.4000000000001,1.0,2,1
559,2804,2,1,0.0,1,0,4180.0,2306.0,182.0,229.4000000000001,1.0,2,1
560,2807,1,1,2.0,0,0,3675.0,242.0,108.0,229.4000000000001,1.0,2,1
561,2813,2,1,1.0,1,1,9459.900000000007,0.0,229.4000000000001,229.4000000000001,1.0,2,1
562,2820,1,1,0.0,1,0,5923.0,2054.0,211.0,229.4000000000001,1.0,0,1
563,2821,1,0,0.0,0,1,5800.0,0.0,132.0,229.4000000000001,1.0,2,1
564,2832,1,1,2.0,1,0,8799.0,0.0,229.4000000000001,229.4000000000001,0.0,1,0
565,2833,1,1,0.0,0,0,4467.0,0.0,120.0,229.4000000000001,0.0,0,1
566,2836,1,0,0.0,1,0,3333.0,0.0,70.0,229.4000000000001,1.0,1,1
567,2837,1,1,3.0,1,0,3400.0,2500.0,123.0,229.4000000000001,0.0,0,0
568,2840,2,0,0.0,1,0,2378.0,0.0,63.60000000000001,229.4000000000001,1.0,1,0
569,2841,1,1,0.0,1,0,3166.0,2064.0,104.0,229.4000000000001,0.0,1,0
570,2842,1,1,1.0,1,0,3417.0,1750.0,186.0,229.4000000000001,1.0,1,1
571,2847,1,1,0.0,1,0,5116.0,1451.0,165.0,229.4000000000001,0.0,1,0
572,2855,1,1,2.0,1,0,9459.900000000007,0.0,229.4000000000001,229.4000000000001,1.0,1,1
573,2862,1,1,2.0,0,0,6125.0,1625.0,187.0,229.4000000000001,1.0,2,0
574,2863,1,1,3.0,1,0,6406.0,0.0,150.0,229.4000000000001,1.0,2,0
575,2868,1,1,2.0,1,0,3159.0,461.0,108.0,84.0,1.0,1,1
576,2872,1,1,0.0,1,0,3087.0,2210.0,136.0,229.4000000000001,0.0,2,0
577,2874,1,0,0.0,1,0,3229.0,2739.0,110.0,229.4000000000001,1.0,1,1
578,2877,1,1,1.0,1,0,2216.1,2232.0,107.0,229.4000000000001,1.0,0,1
579,2888,1,0,0.0,1,1,3182.0,2917.0,161.0,229.4000000000001,1.0,1,1
580,2892,1,1,2.0,1,0,6540.0,0.0,205.0,229.4000000000001,1.0,2,1
581,2893,1,0,0.0,1,0,2216.1,3782.200000000002,90.0,229.4000000000001,1.0,1,0
582,2894,2,1,0.0,1,0,3166.0,0.0,63.60000000000001,229.4000000000001,1.0,2,1
583,2898,1,1,1.0,1,0,2216.1,0.0,63.60000000000001,229.4000000000001,0.0,0,0
584,2911,1,1,1.0,1,0,2787.0,1917.0,146.0,229.4000000000001,0.0,0,0
585,2912,1,1,1.0,1,0,4283.0,3000.0,172.0,84.0,1.0,0,0
586,2916,1,1,0.0,1,0,2297.0,1522.0,104.0,229.4000000000001,1.0,1,1
587,2917,2,0,0.0,0,0,2216.1,0.0,70.0,229.4000000000001,1.0,2,1
588,2925,1,0,0.0,1,0,4750.0,0.0,94.0,229.4000000000001,1.0,2,1
589,2926,1,1,2.0,1,1,2726.0,0.0,106.0,229.4000000000001,0.0,2,0
590,2928,1,1,0.0,1,0,3000.0,3416.0,63.60000000000001,180.0,1.0,2,1
591,2931,1,1,2.0,1,1,6000.0,0.0,205.0,229.4000000000001,1.0,2,0
592,2933,1,0,3.0,1,1,9357.0,0.0,229.4000000000001,229.4000000000001,1.0,2,1
593,2936,1,1,0.0,1,0,3859.0,3300.0,142.0,180.0,1.0,0,1
594,2938,1,1,0.0,1,1,9459.900000000007,0.0,229.4000000000001,229.4000000000001,1.0,1,1
595,2940,1,0,0.0,0,0,3833.0,0.0,110.0,229.4000000000001,1.0,0,1
596,2941,1,1,2.0,0,1,6383.0,1000.0,187.0,229.4000000000001,1.0,0,0
597,2943,1,0,0.0,1,0,2987.0,0.0,88.0,229.4000000000001,0.0,2,0
598,2945,1,1,0.0,1,1,9459.900000000007,0.0,180.0,229.4000000000001,1.0,0,1
599,2948,1,1,2.0,1,0,5780.0,0.0,192.0,229.4000000000001,1.0,1,1
600,2949,2,0,3.0,1,1,2216.1,3782.200000000002,229.4000000000001,180.0,0.0,1,0
601,2950,1,1,0.0,0,1,2894.0,2792.0,155.0,229.4000000000001,1.0,0,1
602,2953,1,1,3.0,1,0,5703.0,0.0,128.0,229.4000000000001,1.0,1,1
603,2958,1,0,0.0,1,0,3676.0,3782.200000000002,172.0,229.4000000000001,1.0,0,1
604,2959,2,1,1.0,1,0,9459.900000000007,0.0,229.4000000000001,229.4000000000001,1.0,2,1
605,2960,1,1,0.0,0,0,2400.0,3782.200000000002,63.60000000000001,180.0,1.0,1,0
606,2961,1,1,1.0,1,0,3400.0,2500.0,173.0,229.4000000000001,1.0,2,1
607,2964,1,1,2.0,0,0,3987.0,1411.0,157.0,229.4000000000001,1.0,0,1
608,2974,1,1,0.0,1,0,3232.0,1950.0,108.0,229.4000000000001,1.0,0,1
609,2978,2,0,0.0,1,0,2900.0,0.0,71.0,229.4000000000001,1.0,0,1
610,2979,1,1,3.0,1,0,4106.0,0.0,63.60000000000001,180.0,1.0,0,1
611,2983,1,1,1.0,1,0,8072.0,240.0,229.4000000000001,229.4000000000001,1.0,1,1
612,2984,1,1,2.0,1,0,7583.0,0.0,187.0,229.4000000000001,1.0,1,1
613,2990,2,0,0.0,1,1,4583.0,0.0,133.0,229.4000000000001,0.0,2,0
